City,District,Subdisctricts
Beijing,Changping,Chengbei
Beijing,Changping,Chengnan
Beijing,Changping,Huilongguan
Beijing,Changping,Longzeyuan
Beijing,Changping,Shigezhuang
Beijing,Changping,Tiantongyuanbei
Beijing,Changping,Tiantongyuannan
Beijing,Changping,Huoying
Beijing,Changping,Nankou
Beijing,Changping,Machikou
Beijing,Changping,Shahe
Beijing,Changping,Dongxiaokou
Beijing,Changping,Yangfang
Beijing,Changping,Xiaotangshan
Beijing,Changping,Nanshao
Beijing,Changping,Cuicun
Beijing,Changping,Baishan
Beijing,Changping,Beiqijia
Beijing,Changping,Xingshou
Beijing,Changping,Liucun
Beijing,Changping,Shasanling
Beijing,Changping,Yanshou
Beijing,Chaoyang,Jianwai
Beijing,Chaoyang,Chaowai
Beijing,Chaoyang,Hujialou
Beijing,Chaoyang,Sanlitun
Beijing,Chaoyang,Zuojiazhuang
Beijing,Chaoyang,Xiangheyuan
Beijing,Chaoyang,Heping Aveue
Beijing,Chaoyang,Anzhen
Beijing,Chaoyang,Yayuncun
Beijing,Chaoyang,Xiaoguan
Beijing,Chaoyang,Jiuxianqiao
Beijing,Chaoyang,Maizidian
Beijing,Chaoyang,Tuanjiehu
Beijing,Chaoyang,Liulitun
Beijing,Chaoyang,Balizhuang
Beijing,Chaoyang,Shuangjing
Beijing,Chaoyang,Jinsong
Beijing,Chaoyang,Panjiayuan
Beijing,Chaoyang,Fatou
Beijing,Chaoyang,Datun
Beijing,Chaoyang,Wangjing
Beijing,Chaoyang,Aoyuncun
Beijing,Chaoyang,Nanmofang
Beijing,Chaoyang,Gaobeidian
Beijing,Chaoyang,Jiangtai
Beijing,Chaoyang,Taiyanggong
Beijing,Chaoyang,Xiaohongmen
Beijing,Chaoyang,Shibalidian
Beijing,Chaoyang,Pingfang
Beijing,Chaoyang,Dongfeng
Beijing,Chaoyang,Laiguangying
Beijing,Chaoyang,Changying
Beijing,Chaoyang,Sanjianfang
Beijing,Chaoyang,Guanzhuang
Beijing,Chaoyang,Jinzhan
Beijing,Chaoyang,Sunhe
Beijing,Chaoyang,Cuigezhuang
Beijing,Chaoyang,Dongba
Beijing,Chaoyang,Heizhuanghu
Beijing,Chaoyang,Dougezhuang
Beijing,Chaoyang,Wangsiying
Beijing,Daxing,Xingfeng
Beijing,Daxing,Linxiao Road
Beijing,Daxing,Qingyuan
Beijing,Daxing,Guanyinsi
Beijing,Daxing,Tiangongyuan
Beijing,Daxing,Yizhuang
Beijing,Daxing,Huangcun
Beijing,Daxing,Jiugong
Beijing,Daxing,Xihongmen
Beijing,Daxing,Yinghai
Beijing,Daxing,Qingyundian
Beijing,Daxing,Caiyu
Beijing,Daxing,Anding
Beijing,Daxing,Lixian
Beijing,Daxing,Yufa
Beijing,Daxing,Panggezhuang
Beijing,Daxing,Beizangcun
Beijing,Daxing,Weishanzhuang
Beijing,Daxing,Changziying
Beijing,Dongcheng,Jingshan
Beijing,Dongcheng,Donghuamen
Beijing,Dongcheng,Jiaodaokou
Beijing,Dongcheng,Andingmen
Beijing,Dongcheng,Beixinqiao
Beijing,Dongcheng,Dingsi
Beijing,Dongcheng,Chaoyangmen
Beijing,Dongcheng,Jianguomen
Beijing,Dongcheng,Dongzhimen
Beijing,Dongcheng,Hepingli
Beijing,Dongcheng,Qianmen
Beijing,Dongcheng,Changwenmenwai
Beijing,Dongcheng,Donghuashi
Beijing,Dongcheng,Longtan
Beijing,Dongcheng,Tiyuguan
Beijing,Dongcheng,Tiantan
Beijing,Dongcheng,Yongdingmenwai
Beijing,Fangshan,Gongchen
Beijing,Fangshan,Chengguan
Beijing,Fangshan,Xinzhen
Beijing,Fangshan,Xiangyang
Beijing,Fangshan,Dongfeng
Beijing,Fangshan,Yingfeng
Beijing,Fangshan,Xingcheng
Beijing,Fangshan,Xilu
Beijing,Fangshan,Liangxiang
Beijing,Fangshan,Zhoukoudian
Beijing,Fangshan,Liulihe
Beijing,Fangshan,Yancun
Beijing,Fangshan,Doudian
Beijing,Fangshan,Shilou
Beijing,Fangshan,Changyang
Beijing,Fangshan,Hebei
Beijing,Fangshan,Changgou
Beijing,Fangshan,Dashiwo
Beijing,Fangshan,Zhangfang
Beijing,Fangshan,Shidu
Beijing,Fangshan,Qinglonghu
Beijing,Fangshan,Hancunhe
Beijing,Fangshan,Xiayunling
Beijing,Fangshan,Nanjiao
Beijing,Fangshan,Fozizhuang
Beijing,Fangshan,Daanshan
Beijing,Fangshan,Shijiaying
Beijing,Fangshan,Puwa
Beijing,Fengtai,Fengtai
Beijing,Fengtai,Youanmen
Beijing,Fengtai,Taipingqiao
Beijing,Fengtai,Xiluoyuan
Beijing,Fengtai,Dahongmen
Beijing,Fengtai,Nanyuan
Beijing,Fengtai,Donggaodi
Beijing,Fengtai,Dongtiejiangying
Beijing,Fengtai,Lugouqiao
Beijing,Fengtai,Xincun
Beijing,Fengtai,Changxindian
Beijing,Fengtai,Yungang
Beijing,Fengtai,Majiapu
Beijing,Fengtai,Heyi
Beijing,Fengtai,Changxindian
Beijing,Fengtai,Wangzuo
Beijing,Fengtai,Fangzhuang
Beijing,Fengtai,Wanpingcheng
Beijing,Fengtai,Huaxiang
Beijing,Fengtai,Nanyuan
Beijing,Haidian,Wanshou Road
Beijing,Haidian,Yongding Road
Beijing,Haidian,Yangfangdian
Beijing,Haidian,Ganjiakou
Beijing,Haidian,Balizhuang
Beijing,Haidian,Zizhuyuan
Beijing,Haidian,Beixiaguan
Beijing,Haidian,Beitaipingzhuang
Beijing,Haidian,Xueyuan Road
Beijing,Haidian,Zhongguancun
Beijing,Haidian,Haidian
Beijing,Haidian,Qinglongqiao
Beijing,Haidian,Qinghuayuan
Beijing,Haidian,Yanyuan
Beijing,Haidian,Xiangshan
Beijing,Haidian,Qinghe
Beijing,Haidian,Huayuan Road
Beijing,Haidian,Xisanqi
Beijing,Haidian,Malianwa
Beijing,Haidian,Tiancun Road
Beijing,Haidian,Shangdi
Beijing,Haidian,Shuguang
Beijing,Haidian,Wanliu
Beijing,Haidian,Dongsheng
Beijing,Haidian,Wenquan
Beijing,Haidian,Sijiqing
Beijing,Haidian,Xibeiwang
Beijing,Haidian,Sujiatuo
Beijing,Haidian,Shangzhuang
Beijing,Huairou,Longshan
Beijing,Huairou,Quanhe
Beijing,Huairou,Huairou
Beijing,Huairou,Yanqi
Beijing,Huairou,Miaocheng
Beijing,Huairou,Beifang
Beijing,Huairou,Yangsong
Beijing,Huairou,Qiaozi
Beijing,Huairou,Huaibei
Beijing,Huairou,Tanghekou
Beijing,Huairou,Bohai
Beijing,Huairou,Jiuduhe
Beijing,Huairou,Bolimiao
Beijing,Huairou,Baoshan
Beijing,Huairou,Chanxiaoying Manchu Ethnic Township
Beijing,Huairou,Labagoumen Manchu Ethnic Township
Beijing,Mentougou,Dayu
Beijing,Mentougou,Chengzi
Beijing,Mentougou,Dongxinfang
Beijing,Mentougou,Datai
Beijing,Mentougou,Wangping
Beijing,Mentougou,Tanzhesi
Beijing,Mentougou,Yongding
Beijing,Mentougou,Longquan
Beijing,Mentougou,Junzhuang
Beijing,Mentougou,Yanchi
Beijing,Mentougou,Zhaitang
Beijing,Mentougou,Qingshui
Beijing,Mentougou,Miaofengshan
Beijing,Pinggu,Xinggu
Beijing,Pinggu,Binhe
Beijing,Pinggu,Yuyang
Beijing,Pinggu,Yukou
Beijing,Pinggu,Mafang
Beijing,Pinggu,Jinhaihu
Beijing,Pinggu,Donggaocun
Beijing,Pinggu,Shandongzhuang
Beijing,Pinggu,Nadulehe
Beijing,Pinggu,Dahuashan
Beijing,Pinggu,Xiagezhuang
Beijing,Pinggu,Machangying
Beijing,Pinggu,Wangxinzhuang
Beijing,Pinggu,Daxingzhuang
Beijing,Pinggu,Liujiadian
Beijing,Pinggu,Zhenluoying
Beijing,Pinggu,Xiongerzhai
Beijing,Pinggu,Huangsongyu
Beijing,Shijingshan,Babaoshan
Beijing,Shijingshan,Laoshan
Beijing,Shijingshan,Bajiao
Beijing,Shijingshan,Gucheng
Beijing,Shijingshan,Pingguoyuan
Beijing,Shijingshan,Jinding Avenue
Beijing,Shijingshan,Guangning
Beijing,Shijingshan,Wulituo
Beijing,Shijingshan,Lugu
Beijing,Shunyi,Shengli
Beijing,Shunyi,Guangming
Beijing,Shunyi,Shiyuan
Beijing,Shunyi,Shuangfeng
Beijing,Shunyi,Wangquan
Beijing,Shunyi,Konggang
Beijing,Shunyi,Renhe
Beijing,Shunyi,Houshayu
Beijing,Shunyi,Tianzhu
Beijing,Shunyi,Yangzhen
Beijing,Shunyi,Niulanshan
Beijing,Shunyi,Nanfaxin
Beijing,Shunyi,Mapo
Beijing,Shunyi,Gaoliying
Beijing,Shunyi,Liqiao
Beijing,Shunyi,Lisui
Beijing,Shunyi,Nancai
Beijing,Shunyi,Beiwu
Beijing,Shunyi,Dasungezhuang
Beijing,Shunyi,Zhang
Beijing,Shunyi,Longwantun
Beijing,Shunyi,Mulin
Beijing,Shunyi,Beixiaoying
Beijing,Shunyi,Beishicai
Beijing,Shunyi,Zhaoquanying
Beijing,Tongzhou,Beiyuan
Beijing,Tongzhou,Zhongcang
Beijing,Tongzhou,Xinhua
Beijing,Tongzhou,Yuqiao
Beijing,Tongzhou,Yongshun
Beijing,Tongzhou,Liyuan
Beijing,Tongzhou,Songzhuang
Beijing,Tongzhou,Zhangjiawan
Beijing,Tongzhou,Kuoxian
Beijing,Tongzhou,Majuqiao
Beijing,Tongzhou,Xiji
Beijing,Tongzhou,Taihu
Beijing,Tongzhou,Yongledian
Beijing,Tongzhou,Lucheng
Beijing,Tongzhou,Tujiawu Hui Ethnic Township
Beijing,Xicheng,Jinrong
Beijing,Xicheng,West Chang'an
Beijing,Xicheng,Xinjiekou
Beijing,Xicheng,Yuetan
Beijing,Xicheng,Zhanlan Road
Beijing,Xicheng,Dasheng
Beijing,Xicheng,Shichahai
Beijing,Xicheng,Dazhalan
Beijing,Xicheng,Tianqiao
Beijing,Xicheng,Chunshu
Beijing,Xicheng,Taoranting
Beijing,Xicheng,Guang'anmennei
Beijing,Xicheng,Niujie
Beijing,Xicheng,Baizhifang
Beijing,Xicheng,Guang'anmenwai
Beijing,Miyun,Gulou
Beijing,Miyun,Guoyuan
Beijing,Miyun,Miyun
Beijing,Miyun,Xiwengzhuang
Beijing,Miyun,Xitiangezhuang
Beijing,Miyun,Shilipu
Beijing,Miyun,Henanzhai
Beijing,Miyun,Jugezhuang
Beijing,Miyun,Mujiayu
Beijing,Miyun,Taishitun
Beijing,Miyun,Gaoling
Beijing,Miyun,Bulaotun
Beijing,Miyun,Fengjiayu
Beijing,Miyun,Gubeikou
Beijing,Miyun,Dachengzi
Beijing,Miyun,Dongshaoqu
Beijing,Miyun,Beizhuang
Beijing,Miyun,Xinchengzi
Beijing,Miyun,Shicheng
Beijing,Miyun,Tanying
Beijing,Yanqing,Rulin
Beijing,Yanqing,Baiquan
Beijing,Yanqing,Xiangshuiyuan
Beijing,Yanqing,Yanqing 
Beijing,Yanqing,Kangzhuang
Beijing,Yanqing,Badaling
Beijing,Yanqing,Yongning
Beijing,Yanqing,Jiuxian
Beijing,Yanqing,Zhangshanying
Beijing,Yanqing,Sihai
Beijing,Yanqing,Qianjiadian
Beijing,Yanqing,Shenjiaying
Beijing,Yanqing,Dayushu
Beijing,Yanqing,Jingzhuang
Beijing,Yanqing,Dazhuangke
Beijing,Yanqing,Liubinbao
Beijing,Yanqing,Xiangying
Beijing,Yanqing,Zhenzhuquan